category,content_type,approach,tags,search_key
anxiety,article,western,"anxiety,anxious,worry,gad7,panic,article,western,content",anxiety article western
anxiety,article,eastern,"anxiety,anxious,worry,gad7,panic,article,eastern,content",anxiety article eastern
anxiety,article,hybrid,"anxiety,anxious,worry,gad7,panic,article,hybrid,content",anxiety article hybrid
anxiety,video,western,"anxiety,anxious,worry,gad7,panic,video,western,content",anxiety video western
anxiety,video,eastern,"anxiety,anxious,worry,gad7,panic,video,eastern,content",anxiety video eastern
anxiety,video,hybrid,"anxiety,anxious,worry,gad7,panic,video,hybrid,content",anxiety video hybrid
anxiety,audio,western,"anxiety,anxious,worry,gad7,panic,audio,western,content",anxiety audio western
anxiety,audio,eastern,"anxiety,anxious,worry,gad7,panic,audio,eastern,content",anxiety audio eastern
anxiety,audio,hybrid,"anxiety,anxious,worry,gad7,panic,audio,hybrid,content",anxiety audio hybrid
anxiety,exercise,western,"anxiety,anxious,worry,gad7,panic,exercise,western,content",anxiety exercise western
anxiety,exercise,eastern,"anxiety,anxious,worry,gad7,panic,exercise,eastern,content",anxiety exercise eastern
anxiety,exercise,hybrid,"anxiety,anxious,worry,gad7,panic,exercise,hybrid,content",anxiety exercise hybrid
depression,article,western,"depression,low-mood,phq9,sadness,article,western,content",depression article western
depression,article,eastern,"depression,low-mood,phq9,sadness,article,eastern,content",depression article eastern
depression,article,hybrid,"depression,low-mood,phq9,sadness,article,hybrid,content",depression article hybrid
depression,video,western,"depression,low-mood,phq9,sadness,video,western,content",depression video western
depression,video,eastern,"depression,low-mood,phq9,sadness,video,eastern,content",depression video eastern
depression,video,hybrid,"depression,low-mood,phq9,sadness,video,hybrid,content",depression video hybrid
depression,audio,western,"depression,low-mood,phq9,sadness,audio,western,content",depression audio western
depression,audio,eastern,"depression,low-mood,phq9,sadness,audio,eastern,content",depression audio eastern
depression,audio,hybrid,"depression,low-mood,phq9,sadness,audio,hybrid,content",depression audio hybrid
depression,exercise,western,"depression,low-mood,phq9,sadness,exercise,western,content",depression exercise western
depression,exercise,eastern,"depression,low-mood,phq9,sadness,exercise,eastern,content",depression exercise eastern
depression,exercise,hybrid,"depression,low-mood,phq9,sadness,exercise,hybrid,content",depression exercise hybrid
stress,article,western,"stress,pss10,overwhelm,recovery,article,western,content",stress article western
stress,article,eastern,"stress,pss10,overwhelm,recovery,article,eastern,content",stress article eastern
stress,article,hybrid,"stress,pss10,overwhelm,recovery,article,hybrid,content",stress article hybrid
stress,video,western,"stress,pss10,overwhelm,recovery,video,western,content",stress video western
stress,video,eastern,"stress,pss10,overwhelm,recovery,video,eastern,content",stress video eastern
stress,video,hybrid,"stress,pss10,overwhelm,recovery,video,hybrid,content",stress video hybrid
stress,audio,western,"stress,pss10,overwhelm,recovery,audio,western,content",stress audio western
stress,audio,eastern,"stress,pss10,overwhelm,recovery,audio,eastern,content",stress audio eastern
stress,audio,hybrid,"stress,pss10,overwhelm,recovery,audio,hybrid,content",stress audio hybrid
stress,exercise,western,"stress,pss10,overwhelm,recovery,exercise,western,content",stress exercise western
stress,exercise,eastern,"stress,pss10,overwhelm,recovery,exercise,eastern,content",stress exercise eastern
stress,exercise,hybrid,"stress,pss10,overwhelm,recovery,exercise,hybrid,content",stress exercise hybrid
overthinking,article,western,"overthinking,rumination,ptq,rrs,article,western,content",overthinking article western
overthinking,article,eastern,"overthinking,rumination,ptq,rrs,article,eastern,content",overthinking article eastern
overthinking,article,hybrid,"overthinking,rumination,ptq,rrs,article,hybrid,content",overthinking article hybrid
overthinking,video,western,"overthinking,rumination,ptq,rrs,video,western,content",overthinking video western
overthinking,video,eastern,"overthinking,rumination,ptq,rrs,video,eastern,content",overthinking video eastern
overthinking,video,hybrid,"overthinking,rumination,ptq,rrs,video,hybrid,content",overthinking video hybrid
overthinking,audio,western,"overthinking,rumination,ptq,rrs,audio,western,content",overthinking audio western
overthinking,audio,eastern,"overthinking,rumination,ptq,rrs,audio,eastern,content",overthinking audio eastern
overthinking,audio,hybrid,"overthinking,rumination,ptq,rrs,audio,hybrid,content",overthinking audio hybrid
overthinking,exercise,western,"overthinking,rumination,ptq,rrs,exercise,western,content",overthinking exercise western
overthinking,exercise,eastern,"overthinking,rumination,ptq,rrs,exercise,eastern,content",overthinking exercise eastern
overthinking,exercise,hybrid,"overthinking,rumination,ptq,rrs,exercise,hybrid,content",overthinking exercise hybrid
emotional-intelligence,article,western,"emotionalintelligence,emotional-intelligence,eq,teique,article,western,content",emotional-intelligence article western
emotional-intelligence,article,eastern,"emotionalintelligence,emotional-intelligence,eq,teique,article,eastern,content",emotional-intelligence article eastern
emotional-intelligence,article,hybrid,"emotionalintelligence,emotional-intelligence,eq,teique,article,hybrid,content",emotional-intelligence article hybrid
emotional-intelligence,video,western,"emotionalintelligence,emotional-intelligence,eq,teique,video,western,content",emotional-intelligence video western
emotional-intelligence,video,eastern,"emotionalintelligence,emotional-intelligence,eq,teique,video,eastern,content",emotional-intelligence video eastern
emotional-intelligence,video,hybrid,"emotionalintelligence,emotional-intelligence,eq,teique,video,hybrid,content",emotional-intelligence video hybrid
emotional-intelligence,audio,western,"emotionalintelligence,emotional-intelligence,eq,teique,audio,western,content",emotional-intelligence audio western
emotional-intelligence,audio,eastern,"emotionalintelligence,emotional-intelligence,eq,teique,audio,eastern,content",emotional-intelligence audio eastern
emotional-intelligence,audio,hybrid,"emotionalintelligence,emotional-intelligence,eq,teique,audio,hybrid,content",emotional-intelligence audio hybrid
emotional-intelligence,exercise,western,"emotionalintelligence,emotional-intelligence,eq,teique,exercise,western,content",emotional-intelligence exercise western
emotional-intelligence,exercise,eastern,"emotionalintelligence,emotional-intelligence,eq,teique,exercise,eastern,content",emotional-intelligence exercise eastern
emotional-intelligence,exercise,hybrid,"emotionalintelligence,emotional-intelligence,eq,teique,exercise,hybrid,content",emotional-intelligence exercise hybrid
trauma,article,western,"trauma,ptsd,pcl5,triggers,article,western,content",trauma article western
trauma,article,eastern,"trauma,ptsd,pcl5,triggers,article,eastern,content",trauma article eastern
trauma,article,hybrid,"trauma,ptsd,pcl5,triggers,article,hybrid,content",trauma article hybrid
trauma,video,western,"trauma,ptsd,pcl5,triggers,video,western,content",trauma video western
trauma,video,eastern,"trauma,ptsd,pcl5,triggers,video,eastern,content",trauma video eastern
trauma,video,hybrid,"trauma,ptsd,pcl5,triggers,video,hybrid,content",trauma video hybrid
trauma,audio,western,"trauma,ptsd,pcl5,triggers,audio,western,content",trauma audio western
trauma,audio,eastern,"trauma,ptsd,pcl5,triggers,audio,eastern,content",trauma audio eastern
trauma,audio,hybrid,"trauma,ptsd,pcl5,triggers,audio,hybrid,content",trauma audio hybrid
trauma,exercise,western,"trauma,ptsd,pcl5,triggers,exercise,western,content",trauma exercise western
trauma,exercise,eastern,"trauma,ptsd,pcl5,triggers,exercise,eastern,content",trauma exercise eastern
trauma,exercise,hybrid,"trauma,ptsd,pcl5,triggers,exercise,hybrid,content",trauma exercise hybrid
personality,article,western,"personality,big-five,mini-ipip,traits,article,western,content",personality article western
personality,article,eastern,"personality,big-five,mini-ipip,traits,article,eastern,content",personality article eastern
personality,article,hybrid,"personality,big-five,mini-ipip,traits,article,hybrid,content",personality article hybrid
personality,video,western,"personality,big-five,mini-ipip,traits,video,western,content",personality video western
personality,video,eastern,"personality,big-five,mini-ipip,traits,video,eastern,content",personality video eastern
personality,video,hybrid,"personality,big-five,mini-ipip,traits,video,hybrid,content",personality video hybrid
personality,audio,western,"personality,big-five,mini-ipip,traits,audio,western,content",personality audio western
personality,audio,eastern,"personality,big-five,mini-ipip,traits,audio,eastern,content",personality audio eastern
personality,audio,hybrid,"personality,big-five,mini-ipip,traits,audio,hybrid,content",personality audio hybrid
personality,exercise,western,"personality,big-five,mini-ipip,traits,exercise,western,content",personality exercise western
personality,exercise,eastern,"personality,big-five,mini-ipip,traits,exercise,eastern,content",personality exercise eastern
personality,exercise,hybrid,"personality,big-five,mini-ipip,traits,exercise,hybrid,content",personality exercise hybrid
sleep,article,western,"sleep,insomnia,wind-down,circadian,article,western,content",sleep article western
sleep,article,eastern,"sleep,insomnia,wind-down,circadian,article,eastern,content",sleep article eastern
sleep,article,hybrid,"sleep,insomnia,wind-down,circadian,article,hybrid,content",sleep article hybrid
sleep,video,western,"sleep,insomnia,wind-down,circadian,video,western,content",sleep video western
sleep,video,eastern,"sleep,insomnia,wind-down,circadian,video,eastern,content",sleep video eastern
sleep,video,hybrid,"sleep,insomnia,wind-down,circadian,video,hybrid,content",sleep video hybrid
sleep,audio,western,"sleep,insomnia,wind-down,circadian,audio,western,content",sleep audio western
sleep,audio,eastern,"sleep,insomnia,wind-down,circadian,audio,eastern,content",sleep audio eastern
sleep,audio,hybrid,"sleep,insomnia,wind-down,circadian,audio,hybrid,content",sleep audio hybrid
sleep,exercise,western,"sleep,insomnia,wind-down,circadian,exercise,western,content",sleep exercise western
sleep,exercise,eastern,"sleep,insomnia,wind-down,circadian,exercise,eastern,content",sleep exercise eastern
sleep,exercise,hybrid,"sleep,insomnia,wind-down,circadian,exercise,hybrid,content",sleep exercise hybrid
burnout,article,western,"burnout,exhaustion,boundaries,recovery,article,western,content",burnout article western
burnout,article,eastern,"burnout,exhaustion,boundaries,recovery,article,eastern,content",burnout article eastern
burnout,article,hybrid,"burnout,exhaustion,boundaries,recovery,article,hybrid,content",burnout article hybrid
burnout,video,western,"burnout,exhaustion,boundaries,recovery,video,western,content",burnout video western
burnout,video,eastern,"burnout,exhaustion,boundaries,recovery,video,eastern,content",burnout video eastern
burnout,video,hybrid,"burnout,exhaustion,boundaries,recovery,video,hybrid,content",burnout video hybrid
burnout,audio,western,"burnout,exhaustion,boundaries,recovery,audio,western,content",burnout audio western
burnout,audio,eastern,"burnout,exhaustion,boundaries,recovery,audio,eastern,content",burnout audio eastern
burnout,audio,hybrid,"burnout,exhaustion,boundaries,recovery,audio,hybrid,content",burnout audio hybrid
burnout,exercise,western,"burnout,exhaustion,boundaries,recovery,exercise,western,content",burnout exercise western
burnout,exercise,eastern,"burnout,exhaustion,boundaries,recovery,exercise,eastern,content",burnout exercise eastern
burnout,exercise,hybrid,"burnout,exhaustion,boundaries,recovery,exercise,hybrid,content",burnout exercise hybrid
fatigue,article,western,"fatigue,energy,pacing,restorative,article,western,content",fatigue article western
fatigue,article,eastern,"fatigue,energy,pacing,restorative,article,eastern,content",fatigue article eastern
fatigue,article,hybrid,"fatigue,energy,pacing,restorative,article,hybrid,content",fatigue article hybrid
fatigue,video,western,"fatigue,energy,pacing,restorative,video,western,content",fatigue video western
fatigue,video,eastern,"fatigue,energy,pacing,restorative,video,eastern,content",fatigue video eastern
fatigue,video,hybrid,"fatigue,energy,pacing,restorative,video,hybrid,content",fatigue video hybrid
fatigue,audio,western,"fatigue,energy,pacing,restorative,audio,western,content",fatigue audio western
fatigue,audio,eastern,"fatigue,energy,pacing,restorative,audio,eastern,content",fatigue audio eastern
fatigue,audio,hybrid,"fatigue,energy,pacing,restorative,audio,hybrid,content",fatigue audio hybrid
fatigue,exercise,western,"fatigue,energy,pacing,restorative,exercise,western,content",fatigue exercise western
fatigue,exercise,eastern,"fatigue,energy,pacing,restorative,exercise,eastern,content",fatigue exercise eastern
fatigue,exercise,hybrid,"fatigue,energy,pacing,restorative,exercise,hybrid,content",fatigue exercise hybrid
focus,article,western,"focus,attention,distraction,pomodoro,article,western,content",focus article western
focus,article,eastern,"focus,attention,distraction,pomodoro,article,eastern,content",focus article eastern
focus,article,hybrid,"focus,attention,distraction,pomodoro,article,hybrid,content",focus article hybrid
focus,video,western,"focus,attention,distraction,pomodoro,video,western,content",focus video western
focus,video,eastern,"focus,attention,distraction,pomodoro,video,eastern,content",focus video eastern
focus,video,hybrid,"focus,attention,distraction,pomodoro,video,hybrid,content",focus video hybrid
focus,audio,western,"focus,attention,distraction,pomodoro,audio,western,content",focus audio western
focus,audio,eastern,"focus,attention,distraction,pomodoro,audio,eastern,content",focus audio eastern
focus,audio,hybrid,"focus,attention,distraction,pomodoro,audio,hybrid,content",focus audio hybrid
focus,exercise,western,"focus,attention,distraction,pomodoro,exercise,western,content",focus exercise western
focus,exercise,eastern,"focus,attention,distraction,pomodoro,exercise,eastern,content",focus exercise eastern
focus,exercise,hybrid,"focus,attention,distraction,pomodoro,exercise,hybrid,content",focus exercise hybrid
mood,article,western,"mood,check-in,gratitude,savoring,article,western,content",mood article western
mood,article,eastern,"mood,check-in,gratitude,savoring,article,eastern,content",mood article eastern
mood,article,hybrid,"mood,check-in,gratitude,savoring,article,hybrid,content",mood article hybrid
mood,video,western,"mood,check-in,gratitude,savoring,video,western,content",mood video western
mood,video,eastern,"mood,check-in,gratitude,savoring,video,eastern,content",mood video eastern
mood,video,hybrid,"mood,check-in,gratitude,savoring,video,hybrid,content",mood video hybrid
mood,audio,western,"mood,check-in,gratitude,savoring,audio,western,content",mood audio western
mood,audio,eastern,"mood,check-in,gratitude,savoring,audio,eastern,content",mood audio eastern
mood,audio,hybrid,"mood,check-in,gratitude,savoring,audio,hybrid,content",mood audio hybrid
mood,exercise,western,"mood,check-in,gratitude,savoring,exercise,western,content",mood exercise western
mood,exercise,eastern,"mood,check-in,gratitude,savoring,exercise,eastern,content",mood exercise eastern
mood,exercise,hybrid,"mood,check-in,gratitude,savoring,exercise,hybrid,content",mood exercise hybrid
anger,article,western,"anger,frustration,de-escalation,article,western,content",anger article western
anger,article,eastern,"anger,frustration,de-escalation,article,eastern,content",anger article eastern
anger,article,hybrid,"anger,frustration,de-escalation,article,hybrid,content",anger article hybrid
anger,video,western,"anger,frustration,de-escalation,video,western,content",anger video western
anger,video,eastern,"anger,frustration,de-escalation,video,eastern,content",anger video eastern
anger,video,hybrid,"anger,frustration,de-escalation,video,hybrid,content",anger video hybrid
anger,audio,western,"anger,frustration,de-escalation,audio,western,content",anger audio western
anger,audio,eastern,"anger,frustration,de-escalation,audio,eastern,content",anger audio eastern
anger,audio,hybrid,"anger,frustration,de-escalation,audio,hybrid,content",anger audio hybrid
anger,exercise,western,"anger,frustration,de-escalation,exercise,western,content",anger exercise western
anger,exercise,eastern,"anger,frustration,de-escalation,exercise,eastern,content",anger exercise eastern
anger,exercise,hybrid,"anger,frustration,de-escalation,exercise,hybrid,content",anger exercise hybrid
relaxation,article,western,"relaxation,calm,pmr,body-scan,breathing,article,western,content",relaxation article western
relaxation,article,eastern,"relaxation,calm,pmr,body-scan,breathing,article,eastern,content",relaxation article eastern
relaxation,article,hybrid,"relaxation,calm,pmr,body-scan,breathing,article,hybrid,content",relaxation article hybrid
relaxation,video,western,"relaxation,calm,pmr,body-scan,breathing,video,western,content",relaxation video western
relaxation,video,eastern,"relaxation,calm,pmr,body-scan,breathing,video,eastern,content",relaxation video eastern
relaxation,video,hybrid,"relaxation,calm,pmr,body-scan,breathing,video,hybrid,content",relaxation video hybrid
relaxation,audio,western,"relaxation,calm,pmr,body-scan,breathing,audio,western,content",relaxation audio western
relaxation,audio,eastern,"relaxation,calm,pmr,body-scan,breathing,audio,eastern,content",relaxation audio eastern
relaxation,audio,hybrid,"relaxation,calm,pmr,body-scan,breathing,audio,hybrid,content",relaxation audio hybrid
relaxation,exercise,western,"relaxation,calm,pmr,body-scan,breathing,exercise,western,content",relaxation exercise western
relaxation,exercise,eastern,"relaxation,calm,pmr,body-scan,breathing,exercise,eastern,content",relaxation exercise eastern
relaxation,exercise,hybrid,"relaxation,calm,pmr,body-scan,breathing,exercise,hybrid,content",relaxation exercise hybrid
grounding,article,western,"grounding,sensory,5-4-3-2-1,orientation,article,western,content",grounding article western
grounding,article,eastern,"grounding,sensory,5-4-3-2-1,orientation,article,eastern,content",grounding article eastern
grounding,article,hybrid,"grounding,sensory,5-4-3-2-1,orientation,article,hybrid,content",grounding article hybrid
grounding,video,western,"grounding,sensory,5-4-3-2-1,orientation,video,western,content",grounding video western
grounding,video,eastern,"grounding,sensory,5-4-3-2-1,orientation,video,eastern,content",grounding video eastern
grounding,video,hybrid,"grounding,sensory,5-4-3-2-1,orientation,video,hybrid,content",grounding video hybrid
grounding,audio,western,"grounding,sensory,5-4-3-2-1,orientation,audio,western,content",grounding audio western
grounding,audio,eastern,"grounding,sensory,5-4-3-2-1,orientation,audio,eastern,content",grounding audio eastern
grounding,audio,hybrid,"grounding,sensory,5-4-3-2-1,orientation,audio,hybrid,content",grounding audio hybrid
grounding,exercise,western,"grounding,sensory,5-4-3-2-1,orientation,exercise,western,content",grounding exercise western
grounding,exercise,eastern,"grounding,sensory,5-4-3-2-1,orientation,exercise,eastern,content",grounding exercise eastern
grounding,exercise,hybrid,"grounding,sensory,5-4-3-2-1,orientation,exercise,hybrid,content",grounding exercise hybrid
self-compassion,article,western,"self-compassion,compassion,loving-kindness,acceptance,article,western,content",self-compassion article western
self-compassion,article,eastern,"self-compassion,compassion,loving-kindness,acceptance,article,eastern,content",self-compassion article eastern
self-compassion,article,hybrid,"self-compassion,compassion,loving-kindness,acceptance,article,hybrid,content",self-compassion article hybrid
self-compassion,video,western,"self-compassion,compassion,loving-kindness,acceptance,video,western,content",self-compassion video western
self-compassion,video,eastern,"self-compassion,compassion,loving-kindness,acceptance,video,eastern,content",self-compassion video eastern
self-compassion,video,hybrid,"self-compassion,compassion,loving-kindness,acceptance,video,hybrid,content",self-compassion video hybrid
self-compassion,audio,western,"self-compassion,compassion,loving-kindness,acceptance,audio,western,content",self-compassion audio western
self-compassion,audio,eastern,"self-compassion,compassion,loving-kindness,acceptance,audio,eastern,content",self-compassion audio eastern
self-compassion,audio,hybrid,"self-compassion,compassion,loving-kindness,acceptance,audio,hybrid,content",self-compassion audio hybrid
self-compassion,exercise,western,"self-compassion,compassion,loving-kindness,acceptance,exercise,western,content",self-compassion exercise western
self-compassion,exercise,eastern,"self-compassion,compassion,loving-kindness,acceptance,exercise,eastern,content",self-compassion exercise eastern
self-compassion,exercise,hybrid,"self-compassion,compassion,loving-kindness,acceptance,exercise,hybrid,content",self-compassion exercise hybrid
resilience,article,western,"resilience,coping,values,meaning,article,western,content",resilience article western
resilience,article,eastern,"resilience,coping,values,meaning,article,eastern,content",resilience article eastern
resilience,article,hybrid,"resilience,coping,values,meaning,article,hybrid,content",resilience article hybrid
resilience,video,western,"resilience,coping,values,meaning,video,western,content",resilience video western
resilience,video,eastern,"resilience,coping,values,meaning,video,eastern,content",resilience video eastern
resilience,video,hybrid,"resilience,coping,values,meaning,video,hybrid,content",resilience video hybrid
resilience,audio,western,"resilience,coping,values,meaning,audio,western,content",resilience audio western
resilience,audio,eastern,"resilience,coping,values,meaning,audio,eastern,content",resilience audio eastern
resilience,audio,hybrid,"resilience,coping,values,meaning,audio,hybrid,content",resilience audio hybrid
resilience,exercise,western,"resilience,coping,values,meaning,exercise,western,content",resilience exercise western
resilience,exercise,eastern,"resilience,coping,values,meaning,exercise,eastern,content",resilience exercise eastern
resilience,exercise,hybrid,"resilience,coping,values,meaning,exercise,hybrid,content",resilience exercise hybrid
relationships,article,western,"relationships,communication,assertiveness,listening,article,western,content",relationships article western
relationships,article,eastern,"relationships,communication,assertiveness,listening,article,eastern,content",relationships article eastern
relationships,article,hybrid,"relationships,communication,assertiveness,listening,article,hybrid,content",relationships article hybrid
relationships,video,western,"relationships,communication,assertiveness,listening,video,western,content",relationships video western
relationships,video,eastern,"relationships,communication,assertiveness,listening,video,eastern,content",relationships video eastern
relationships,video,hybrid,"relationships,communication,assertiveness,listening,video,hybrid,content",relationships video hybrid
relationships,audio,western,"relationships,communication,assertiveness,listening,audio,western,content",relationships audio western
relationships,audio,eastern,"relationships,communication,assertiveness,listening,audio,eastern,content",relationships audio eastern
relationships,audio,hybrid,"relationships,communication,assertiveness,listening,audio,hybrid,content",relationships audio hybrid
relationships,exercise,western,"relationships,communication,assertiveness,listening,exercise,western,content",relationships exercise western
relationships,exercise,eastern,"relationships,communication,assertiveness,listening,exercise,eastern,content",relationships exercise eastern
relationships,exercise,hybrid,"relationships,communication,assertiveness,listening,exercise,hybrid,content",relationships exercise hybrid
self-esteem,article,western,"self-esteem,self-worth,confidence,article,western,content",self-esteem article western
self-esteem,article,eastern,"self-esteem,self-worth,confidence,article,eastern,content",self-esteem article eastern
self-esteem,article,hybrid,"self-esteem,self-worth,confidence,article,hybrid,content",self-esteem article hybrid
self-esteem,video,western,"self-esteem,self-worth,confidence,video,western,content",self-esteem video western
self-esteem,video,eastern,"self-esteem,self-worth,confidence,video,eastern,content",self-esteem video eastern
self-esteem,video,hybrid,"self-esteem,self-worth,confidence,video,hybrid,content",self-esteem video hybrid
self-esteem,audio,western,"self-esteem,self-worth,confidence,audio,western,content",self-esteem audio western
self-esteem,audio,eastern,"self-esteem,self-worth,confidence,audio,eastern,content",self-esteem audio eastern
self-esteem,audio,hybrid,"self-esteem,self-worth,confidence,audio,hybrid,content",self-esteem audio hybrid
self-esteem,exercise,western,"self-esteem,self-worth,confidence,exercise,western,content",self-esteem exercise western
self-esteem,exercise,eastern,"self-esteem,self-worth,confidence,exercise,eastern,content",self-esteem exercise eastern
self-esteem,exercise,hybrid,"self-esteem,self-worth,confidence,exercise,hybrid,content",self-esteem exercise hybrid
grief,article,western,"grief,loss,ritual,meaning,article,western,content",grief article western
grief,article,eastern,"grief,loss,ritual,meaning,article,eastern,content",grief article eastern
grief,article,hybrid,"grief,loss,ritual,meaning,article,hybrid,content",grief article hybrid
grief,video,western,"grief,loss,ritual,meaning,video,western,content",grief video western
grief,video,eastern,"grief,loss,ritual,meaning,video,eastern,content",grief video eastern
grief,video,hybrid,"grief,loss,ritual,meaning,video,hybrid,content",grief video hybrid
grief,audio,western,"grief,loss,ritual,meaning,audio,western,content",grief audio western
grief,audio,eastern,"grief,loss,ritual,meaning,audio,eastern,content",grief audio eastern
grief,audio,hybrid,"grief,loss,ritual,meaning,audio,hybrid,content",grief audio hybrid
grief,exercise,western,"grief,loss,ritual,meaning,exercise,western,content",grief exercise western
grief,exercise,eastern,"grief,loss,ritual,meaning,exercise,eastern,content",grief exercise eastern
grief,exercise,hybrid,"grief,loss,ritual,meaning,exercise,hybrid,content",grief exercise hybrid
panic,article,western,"panic,interoceptive,safety-plan,diaphragmatic-breathing,article,western,content",panic article western
panic,article,eastern,"panic,interoceptive,safety-plan,diaphragmatic-breathing,article,eastern,content",panic article eastern
panic,article,hybrid,"panic,interoceptive,safety-plan,diaphragmatic-breathing,article,hybrid,content",panic article hybrid
panic,video,western,"panic,interoceptive,safety-plan,diaphragmatic-breathing,video,western,content",panic video western
panic,video,eastern,"panic,interoceptive,safety-plan,diaphragmatic-breathing,video,eastern,content",panic video eastern
panic,video,hybrid,"panic,interoceptive,safety-plan,diaphragmatic-breathing,video,hybrid,content",panic video hybrid
panic,audio,western,"panic,interoceptive,safety-plan,diaphragmatic-breathing,audio,western,content",panic audio western
panic,audio,eastern,"panic,interoceptive,safety-plan,diaphragmatic-breathing,audio,eastern,content",panic audio eastern
panic,audio,hybrid,"panic,interoceptive,safety-plan,diaphragmatic-breathing,audio,hybrid,content",panic audio hybrid
panic,exercise,western,"panic,interoceptive,safety-plan,diaphragmatic-breathing,exercise,western,content",panic exercise western
panic,exercise,eastern,"panic,interoceptive,safety-plan,diaphragmatic-breathing,exercise,eastern,content",panic exercise eastern
panic,exercise,hybrid,"panic,interoceptive,safety-plan,diaphragmatic-breathing,exercise,hybrid,content",panic exercise hybrid
social-anxiety,article,western,"social-anxiety,exposure,safety-behaviors,article,western,content",social-anxiety article western
social-anxiety,article,eastern,"social-anxiety,exposure,safety-behaviors,article,eastern,content",social-anxiety article eastern
social-anxiety,article,hybrid,"social-anxiety,exposure,safety-behaviors,article,hybrid,content",social-anxiety article hybrid
social-anxiety,video,western,"social-anxiety,exposure,safety-behaviors,video,western,content",social-anxiety video western
social-anxiety,video,eastern,"social-anxiety,exposure,safety-behaviors,video,eastern,content",social-anxiety video eastern
social-anxiety,video,hybrid,"social-anxiety,exposure,safety-behaviors,video,hybrid,content",social-anxiety video hybrid
social-anxiety,audio,western,"social-anxiety,exposure,safety-behaviors,audio,western,content",social-anxiety audio western
social-anxiety,audio,eastern,"social-anxiety,exposure,safety-behaviors,audio,eastern,content",social-anxiety audio eastern
social-anxiety,audio,hybrid,"social-anxiety,exposure,safety-behaviors,audio,hybrid,content",social-anxiety audio hybrid
social-anxiety,exercise,western,"social-anxiety,exposure,safety-behaviors,exercise,western,content",social-anxiety exercise western
social-anxiety,exercise,eastern,"social-anxiety,exposure,safety-behaviors,exercise,eastern,content",social-anxiety exercise eastern
social-anxiety,exercise,hybrid,"social-anxiety,exposure,safety-behaviors,exercise,hybrid,content",social-anxiety exercise hybrid
overall-wellbeing,article,western,"wellbeing,overall-wellbeing,balance,reset,article,western,content",overall-wellbeing article western
overall-wellbeing,article,eastern,"wellbeing,overall-wellbeing,balance,reset,article,eastern,content",overall-wellbeing article eastern
overall-wellbeing,article,hybrid,"wellbeing,overall-wellbeing,balance,reset,article,hybrid,content",overall-wellbeing article hybrid
overall-wellbeing,video,western,"wellbeing,overall-wellbeing,balance,reset,video,western,content",overall-wellbeing video western
overall-wellbeing,video,eastern,"wellbeing,overall-wellbeing,balance,reset,video,eastern,content",overall-wellbeing video eastern
overall-wellbeing,video,hybrid,"wellbeing,overall-wellbeing,balance,reset,video,hybrid,content",overall-wellbeing video hybrid
overall-wellbeing,audio,western,"wellbeing,overall-wellbeing,balance,reset,audio,western,content",overall-wellbeing audio western
overall-wellbeing,audio,eastern,"wellbeing,overall-wellbeing,balance,reset,audio,eastern,content",overall-wellbeing audio eastern
overall-wellbeing,audio,hybrid,"wellbeing,overall-wellbeing,balance,reset,audio,hybrid,content",overall-wellbeing audio hybrid
overall-wellbeing,exercise,western,"wellbeing,overall-wellbeing,balance,reset,exercise,western,content",overall-wellbeing exercise western
overall-wellbeing,exercise,eastern,"wellbeing,overall-wellbeing,balance,reset,exercise,eastern,content",overall-wellbeing exercise eastern
overall-wellbeing,exercise,hybrid,"wellbeing,overall-wellbeing,balance,reset,exercise,hybrid,content",overall-wellbeing exercise hybrid